Team,GM,Team_Payroll,Winning_Percentage,Year,Relative_Payroll
Arizona DBacks,Joe Garagiola,31614500,0.401,1998,0.720238381
Atlanta Braves,John Schuerholz,61708000,0.654,1998,1.405825491
Baltimore Orioles,Pat Gillick,71860921,0.488,1998,1.637128323
Boston Red Sox,Dan Duquette,59497000,0.568,1998,1.35545471
Chicago Cubs,Ed Lynch,49816000,0.552,1998,1.134903135
Chicago White Sox,Ron Schueler,35180000,0.494,1998,0.801467245
Cincinnati Reds,Jim Bowden,20707333,0.475,1998,0.471752392
Cleveland Indians,John Hart,59543165,0.549,1998,1.356506437
Colorado Rockies,Bob Gebhard,47714648,0.475,1998,1.087030344
Detroit Tigers,Randy Smith,19237500,0.401,1998,0.438266803
Houston Astros,Gerry Hunsicker,48304000,0.63,1998,1.100456902
KC Royals,Herk Robinson,35610000,0.447,1998,0.811263463
LA Angels,Bill Bavasi,48389000,0.525,1998,1.102393364
LA Dodgers,Fred Claire/Tommy Lasorda,62806667,0.512,1998,1.430855213
Miami Marlins,Dave Dombrowski,15141000,0.333,1998,0.344940749
Milwaukee Brewers,Sal Bando,31897903,0.457,1998,0.72669484
Minnesota Twins,Terry Ryan,24527500,0.432,1998,0.558783055
Montreal Expos,Jim Beattie,8317000,0.401,1998,0.189477063
NY Mets,Steve Phillips,58660665,0.543,1998,1.33640141
NY Yankees,Brian Cashman,65663698,0.704,1998,1.495943808
Oakland Athletics,Billy Beane,22463500,0.457,1998,0.511761213
Philadelphia Phillies,Ed Wade,28622500,0.463,1998,0.652074936
Pittsburgh Pirates,Cam Bonifay,13695000,0.426,1998,0.311998122
San Diego Padres,Kevin Towers,53066166,0.605,1998,1.208948092
San Francisco Giants,Brian Sabean,48514715,0.546,1998,1.10525739
Seattle Mariners,Woody Woodward,43698136,0.472,1998,0.995526569
St. Louis Cardinals,Walt Jocketty,44090854,0.512,1998,1.004473431
Tampa Bay Rays,Chuck LaMar,27370000,0.389,1998,0.623540606
Texas Rangers,Douglas Melvin,60519595,0.543,1998,1.378751367
Toronto Blue Jays,Gord Ash,34158500,0.543,1998,0.778195535
Arizona DBacks,Joe Garagiola,70496000,0.617,1999,1.530313563
Atlanta Braves,John Schuerholz,74890000,0.636,1999,1.625697667
Baltimore Orioles,Frank Wren,72198363,0.481,1999,1.567268131
Boston Red Sox,Dan Duquette,71725000,0.58,1999,1.556992458
Chicago Cubs,Ed Lynch,55443500,0.414,1999,1.203556798
Chicago White Sox,Ron Schueler,24535000,0.466,1999,0.532601045
Cincinnati Reds,Jim Bowden,42142761,0.589,1999,0.914826923
Cleveland Indians,John Hart,73278458,0.599,1999,1.590714624
Colorado Rockies,Bob Gebhard,54442505,0.444,1999,1.181827392
Detroit Tigers,Randy Smith,34959667,0.429,1999,0.758897704
Houston Astros,Gerry Hunsicker,54339000,0.599,1999,1.179580525
KC Royals,Herk Robinson,16557000,0.398,1999,0.359416161
LA Angels,Bill Bavasi,49868167,0.432,1999,1.082528545
LA Dodgers,Kevin Malone,71115786,0.475,1999,1.543767758
Miami Marlins,Dave Dombrowski,15150000,0.395,1999,0.328873276
Milwaukee Brewers,Sal Bando/Dean Taylor,42927395,0.46,1999,0.931859606
Minnesota Twins,Terry Ryan,16345000,0.394,1999,0.354814106
Montreal Expos,Jim Beattie,16413000,0.42,1999,0.356290237
NY Mets,Steve Phillips,71506427,0.595,1999,1.552247718
NY Yankees,Brian Cashman,88180712,0.605,1999,1.914209878
Oakland Athletics,Billy Beane,24175333,0.537,1999,0.524793463
Philadelphia Phillies,Ed Wade,30568167,0.475,1999,0.66356787
Pittsburgh Pirates,Cam Bonifay,24167667,0.484,1999,0.524627051
San Diego Padres,Kevin Towers,45832180,0.457,1999,0.994916118
San Francisco Giants,Brian Sabean,45959557,0.531,1999,0.997681194
Seattle Mariners,Woody Woodward,44396336,0.488,1999,0.963747094
St. Louis Cardinals,Walt Jocketty,46173195,0.466,1999,1.002318806
Tampa Bay Rays,Chuck LaMar,38027500,0.426,1999,0.825493631
Texas Rangers,Douglas Melvin,81576598,0.586,1999,1.770849046
Toronto Blue Jays,Gord Ash,48455333,0.519,1999,1.051859018
Arizona DBacks,Joe Garagiola,81027833,0.525,2000,1.433028197
Atlanta Braves,John Schuerholz,84537836,0.586,2000,1.495104808
Baltimore Orioles,Syd Thrift,81447435,0.457,2000,1.440449122
Boston Red Sox,Dan Duquette,77940333,0.525,2000,1.378423817
Chicago Cubs,Ed Lynch/Andy MacPhail,60539333,0.401,2000,1.070676186
Chicago White Sox,Ron Schueler,31133500,0.586,2000,0.550615532
Cincinnati Reds,Jim Bowden,46867200,0.525,2000,0.828875914
Cleveland Indians,John Hart,75880871,0.556,2000,1.342000936
Colorado Rockies,Dan O'Dowd,61111190,0.506,2000,1.080789837
Detroit Tigers,Randy Smith,58265167,0.488,2000,1.03045613
Houston Astros,Gerry Hunsicker,51289111,0.444,2000,0.907080191
KC Royals,Herk Robinson/Allard Baird,23433000,0.475,2000,0.414427345
LA Angels,Bill Stoneman,51464167,0.506,2000,0.910176167
LA Dodgers,Kevin Malone,88124286,0.531,2000,1.558533432
Miami Marlins,Dave Dombrowski,20072000,0.491,2000,0.354985946
Milwaukee Brewers,Dean Taylor,36505333,0.451,2000,0.645619778
Minnesota Twins,Terry Ryan,16519500,0.426,2000,0.292157749
Montreal Expos,Jim Beattie,34807833,0.414,2000,0.615598422
NY Mets,Steve Phillips,79509776,0.58,2000,1.406180404
NY Yankees,Brian Cashman,92538260,0.54,2000,1.636597339
Oakland Athletics,Billy Beane,31971333,0.565,2000,0.565433136
Philadelphia Phillies,Ed Wade,47308000,0.401,2000,0.836671739
Pittsburgh Pirates,Cam Bonifay,28928333,0.426,2000,0.511615766
San Diego Padres,Kevin Towers,54821000,0.469,2000,0.96954387
San Francisco Giants,Brian Sabean,53737826,0.599,2000,0.950387256
Seattle Mariners,Pat Gillick,58915000,0.562,2000,1.041948835
St. Louis Cardinals,Walt Jocketty,61453863,0.586,2000,1.086850225
Tampa Bay Rays,Chuck LaMar,62765129,0.429,2000,1.110040789
Texas Rangers,Douglas Melvin,70795921,0.438,2000,1.252070397
Toronto Blue Jays,Gord Ash,46238333,0.512,2000,0.817754005
Arizona DBacks,Joe Garagiola,81206513,0.568,2001,1.292113164
Atlanta Braves,John Schuerholz,91851687,0.543,2001,1.461493291
Baltimore Orioles,Syd Thrift,72426328,0.391,2001,1.152407712
Boston Red Sox,Dan Duquette,109558908,0.509,2001,1.743240807
Chicago Cubs,Andy MacPhail,64015833,0.543,2001,1.018584563
Chicago White Sox,Ken Williams,62363000,0.512,2001,0.992285597
Cincinnati Reds,Jim Bowden,45227882,0.407,2001,0.719641068
Cleveland Indians,John Hart,91974979,0.562,2001,1.463455045
Colorado Rockies,Dan O'Dowd,71068000,0.451,2001,1.130794747
Detroit Tigers,Randy Smith,49831167,0.407,2001,0.792885995
Houston Astros,Gerry Hunsicker,60382667,0.574,2001,0.960775633
KC Royals,Allard Baird,35643000,0.401,2001,0.567131721
LA Angels,Bill Stoneman,46568180,0.463,2001,0.740967149
LA Dodgers,Kevin Malone/David Wallace,108980952,0.531,2001,1.734044691
Miami Marlins,Dave Dombrowski,35504167,0.469,2001,0.564922687
Milwaukee Brewers,Dean Taylor,43089333,0.42,2001,0.685613658
Minnesota Twins,Terry Ryan,24350000,0.525,2001,0.387443745
Montreal Expos,Jim Beattie/Larry Beinfest,34774500,0.42,2001,0.553312629
NY Mets,Steve Phillips,93174428,0.506,2001,1.482540015
NY Yankees,Brian Cashman,109791893,0.594,2001,1.746947936
Oakland Athletics,Billy Beane,33810750,0.63,2001,0.537977972
Philadelphia Phillies,Ed Wade,41664167,0.531,2001,0.662937204
Pittsburgh Pirates,Cam Bonifay/David Littlefield,52698333,0.383,2001,0.838506756
San Diego Padres,Kevin Towers,38333117,0.488,2001,0.609935377
San Francisco Giants,Brian Sabean,63332667,0.556,2001,1.007714403
Seattle Mariners,Pat Gillick,75652500,0.716,2001,1.203740778
St. Louis Cardinals,Walt Jocketty,77270855,0.574,2001,1.229491149
Tampa Bay Rays,Chuck LaMar,54951602,0.383,2001,0.874359527
Texas Rangers,Douglas Melvin,88504421,0.451,2001,1.408233444
Toronto Blue Jays,Gord Ash,75798500,0.494,2001,1.206063849
Arizona DBacks,Joe Garagiola,102820000,0.605,2002,1.682606398
Atlanta Braves,John Schuerholz,93470367,0.631,2002,1.529603555
Baltimore Orioles,Syd Thrift,60493487,0.414,2002,0.989950673
Boston Red Sox,Mike Port,108366060,0.574,2002,1.773365355
Chicago Cubs,Andy MacPhail/Jim Hendry,75690833,0.414,2002,1.238648899
Chicago White Sox,Ken Williams,57052833,0.5,2002,0.933645806
Cincinnati Reds,Jim Bowden,45050390,0.481,2002,0.737230835
Cleveland Indians,Mark Shapiro,78909448,0.457,2002,1.291320191
Colorado Rockies,Dan O'Dowd,56851043,0.451,2002,0.930343597
Detroit Tigers,Dave Dombrowski,55048000,0.342,2002,0.900837551
Houston Astros,Gerry Hunsicker,63448417,0.519,2002,1.03830687
KC Royals,Allard Baird,47257000,0.383,2002,0.773341087
LA Angels,Bill Stoneman,61721667,0.611,2002,1.010049327
LA Dodgers,Dan Evans,94850952,0.568,2002,1.552196252
Miami Marlins,Larry Beinfest,41979917,0.488,2002,0.686983825
Milwaukee Brewers,Dean Taylor,50287833,0.346,2002,0.822939404
Minnesota Twins,Terry Ryan,40225000,0.584,2002,0.658265341
Montreal Expos,Omar Minaya,38670500,0.512,2002,0.632826597
NY Mets,Steve Phillips,94633593,0.466,2002,1.548639263
NY Yankees,Brian Cashman,125928583,0.64,2002,2.060768716
Oakland Athletics,Billy Beane,39679746,0.636,2002,0.649342487
Philadelphia Phillies,Ed Wade,57955000,0.497,2002,0.948409393
Pittsburgh Pirates,David Littlefield,42323598,0.447,2002,0.692608021
San Diego Padres,Kevin Towers,41425000,0.407,2002,0.67790284
San Francisco Giants,Brian Sabean,78299835,0.59,2002,1.281344129
Seattle Mariners,Pat Gillick,80282668,0.574,2002,1.313792363
St. Louis Cardinals,Walt Jocketty,74098267,0.599,2002,1.212587221
Tampa Bay Rays,Chuck LaMar,34380000,0.342,2002,0.562614355
Texas Rangers,John Hart,105302124,0.444,2002,1.723225321
Toronto Blue Jays,J.P. Ricciardi,76864333,0.481,2002,1.257852737
Arizona DBacks,Joe Garagiola,80640333,0.519,2003,1.169042152
Atlanta Braves,John Schuerholz,106243667,0.623,2003,1.540213445
Baltimore Orioles,Jim Beattie and Mike Flanagan,73877500,0.438,2003,1.071001425
Boston Red Sox,Theo Epstein,99946500,0.586,2003,1.448923474
Chicago Cubs,Jim Hendry,79868333,0.543,2003,1.157850475
Chicago White Sox,Ken Williams,51010000,0.531,2003,0.739491492
Cincinnati Reds,Jim Bowden,59355667,0.426,2003,0.860478548
Cleveland Indians,Mark Shapiro,48584834,0.42,2003,0.704333883
Colorado Rockies,Dan O'Dowd,67179667,0.457,2003,0.973903003
Detroit Tigers,Dave Dombrowski,49168000,0.265,2003,0.712788035
Houston Astros,Gerry Hunsicker,71040000,0.537,2003,1.029866214
KC Royals,Allard Baird,40518000,0.512,2003,0.587389066
LA Angels,Bill Stoneman,79031667,0.475,2003,1.145721336
LA Dodgers,Dan Evans,105872620,0.525,2003,1.53483438
Miami Marlins,Larry Beinfest,49050000,0.562,2003,0.71107739
Milwaukee Brewers,Douglas Melvin,40627000,0.42,2003,0.588969238
Minnesota Twins,Terry Ryan,55505000,0.556,2003,0.804655465
Montreal Expos,Omar Minaya,51948500,0.512,2003,0.753096918
NY Mets,Steve Phillips,117176429,0.41,2003,1.698705593
NY Yankees,Brian Cashman,152749814,0.623,2003,2.214412622
Oakland Athletics,Billy Beane,50260834,0.593,2003,0.72863084
Philadelphia Phillies,Ed Wade,70780000,0.531,2003,1.026096997
Pittsburgh Pirates,David Littlefield,54812429,0.463,2003,0.79461527
San Diego Padres,Kevin Towers,47928000,0.395,2003,0.694811767
San Francisco Giants,Brian Sabean,82852167,0.621,2003,1.201107089
Seattle Mariners,Pat Gillick,86959167,0.574,2003,1.260646229
St. Louis Cardinals,Walt Jocketty,83486666,0.525,2003,1.210305415
Tampa Bay Rays,Chuck LaMar,19630000,0.389,2003,0.284575926
Texas Rangers,John Hart,103491667,0.438,2003,1.500317727
Toronto Blue Jays,J.P. Ricciardi,51269000,0.531,2003,0.743246213
Arizona DBacks,Joe Garagiola,70204984,0.315,2004,1.128556241
Atlanta Braves,John Schuerholz,88507788,0.593,2004,1.422776715
Baltimore Orioles,Jim Beattie and Mike Flanagan,51212653,0.481,2004,0.823251511
Boston Red Sox,Theo Epstein,125208542,0.605,2004,2.012747151
Chicago Cubs,Jim Hendry,91101667,0.549,2004,1.464473731
Chicago White Sox,Ken Williams,65212500,0.512,2004,1.04830127
Cincinnati Reds,Dan OÍBrien Jr.,43067858,0.469,2004,0.692322641
Cleveland Indians,Mark Shapiro,34569300,0.494,2004,0.555706975
Colorado Rockies,Dan O'Dowd,64590403,0.42,2004,1.038300962
Detroit Tigers,Dave Dombrowski,46353554,0.444,2004,0.745140725
Houston Astros,Gerry Hunsicker,74666303,0.568,2004,1.200272651
KC Royals,Allard Baird,47609000,0.358,2004,0.765322218
LA Angels,Bill Stoneman,101084667,0.568,2004,1.624952038
LA Dodgers,Paul DePodesta,89694342,0.574,2004,1.441850759
Miami Marlins,Larry Beinfest,42118042,0.512,2004,0.677054198
Milwaukee Brewers,Douglas Melvin,27518500,0.416,2004,0.442364247
Minnesota Twins,Terry Ryan,53585000,0.568,2004,0.861387365
Montreal Expos,Omar Minaya,43197500,0.414,2004,0.694406657
NY Mets,Jim Duquette,100629303,0.438,2004,1.617631989
NY Yankees,Brian Cashman,182835513,0.623,2004,2.93910984
Oakland Athletics,Billy Beane,59825167,0.562,2004,0.961699038
Philadelphia Phillies,Ed Wade,93219167,0.531,2004,1.498512879
Pittsburgh Pirates,David Littlefield,32227929,0.447,2004,0.518069065
San Diego Padres,Kevin Towers,54639503,0.537,2004,0.878338668
San Francisco Giants,Brian Sabean,82019167,0.562,2004,1.318471105
Seattle Mariners,Bill Bavasi,81543833,0.389,2004,1.310830035
St. Louis Cardinals,Walt Jocketty,75633517,0.648,2004,1.215820769
Tampa Bay Rays,Chuck LaMar,29506667,0.435,2004,0.474324347
Texas Rangers,John Hart,54825973,0.549,2004,0.881336203
Toronto Blue Jays,J.P. Ricciardi,50017000,0.416,2004,0.8040312
Arizona DBacks,Josh Byrnes,63015834,0.475,2005,0.954683986
Atlanta Braves,John Schuerholz,85148582,0.556,2005,1.289993047
Baltimore Orioles,Jim Beattie and Mike Flanagan,74570539,0.457,2005,1.129736685
Boston Red Sox,Theo Epstein,121311945,0.586,2005,1.837864611
Chicago Cubs,Jim Hendry,87210933,0.488,2005,1.321237471
Chicago White Sox,Ken Williams,75228000,0.611,2005,1.139697158
Cincinnati Reds,Dan OÍBrien Jr.,59658275,0.451,2005,0.903817282
Cleveland Indians,Mark Shapiro,41830400,0.574,2005,0.633726644
Colorado Rockies,Dan O'Dowd,47789000,0.414,2005,0.723998877
Detroit Tigers,Dave Dombrowski,68998183,0.438,2005,1.045316014
Houston Astros,Tim Purpura,76779022,0.549,2005,1.163194996
KC Royals,Allard Baird,36881000,0.346,2005,0.558743698
LA Angels,Bill Stoneman,95017822,0.586,2005,1.439511109
LA Dodgers,Paul DePodesta,81029500,0.438,2005,1.22758934
Miami Marlins,Larry Beinfest,60375961,0.512,2005,0.914690157
Milwaukee Brewers,Douglas Melvin,40234833,0.5,2005,0.609553954
Minnesota Twins,Terry Ryan,56615000,0.512,2005,0.85771195
NY Mets,Omar Minaya,104770139,0.512,2005,1.587257799
NY Yankees,Brian Cashman,205938439,0.586,2005,3.119948073
Oakland Athletics,Billy Beane,55869262,0.543,2005,0.846414089
Philadelphia Phillies,Ed Wade,95337908,0.543,2005,1.444360382
Pittsburgh Pirates,David Littlefield,38138000,0.414,2005,0.57778713
San Diego Padres,Kevin Towers,62888192,0.506,2005,0.952750222
San Francisco Giants,Brian Sabean,89487842,0.463,2005,1.35573243
Seattle Mariners,Bill Bavasi,85883333,0.426,2005,1.301124456
St. Louis Cardinals,Walt Jocketty,93319842,0.617,2005,1.413786871
Tampa Bay Rays,Chuck LaMar,29893567,0.414,2005,0.452884742
Texas Rangers,John Hart,55307258,0.488,2005,0.837899782
Toronto Blue Jays,J.P. Ricciardi,45336500,0.494,2005,0.686843731
Washington Nationals,Jim Bowden,48581500,0.5,2005,0.736005177
Arizona DBacks,Josh Byrnes,59684226,0.469,2006,0.826075925
Atlanta Braves,John Schuerholz,90156876,0.488,2006,1.247841009
Baltimore Orioles,Mike Flanagan,72585582,0.432,2006,1.004640687
Boston Red Sox,Theo Epstein,120099824,0.531,2006,1.662274606
Chicago Cubs,Jim Hendry,94424499,0.407,2006,1.306908217
Chicago White Sox,Ken Williams,102750667,0.556,2006,1.422148833
Cincinnati Reds,Wayne Krivsky,60909519,0.494,2006,0.84303493
Cleveland Indians,Mark Shapiro,56031500,0.481,2006,0.775519368
Colorado Rockies,Dan O'Dowd,41233000,0.469,2006,0.570696663
Detroit Tigers,Dave Dombrowski,82612866,0.586,2006,1.143426066
Houston Astros,Tim Purpura,92551503,0.506,2006,1.280984502
KC Royals,Allard Baird/Dayton Moore,47294000,0.383,2006,0.654585599
LA Angels,Bill Stoneman,103472000,0.549,2006,1.43213264
LA Dodgers,Ned Colletti,98447187,0.543,2006,1.362585335
Miami Marlins,Larry Beinfest,14998500,0.481,2006,0.207590859
Milwaukee Brewers,Douglas Melvin,57568333,0.463,2006,0.796790327
Minnesota Twins,Terry Ryan,63396006,0.593,2006,0.877449836
NY Mets,Omar Minaya,101084963,0.599,2006,1.399094199
NY Yankees,Brian Cashman,194663079,0.599,2006,2.69428782
Oakland Athletics,Billy Beane,62243079,0.574,2006,0.861492433
Philadelphia Phillies,Pat Gillick,88273333,0.525,2006,1.221771314
Pittsburgh Pirates,David Littlefield,46717750,0.414,2006,0.646609852
San Diego Padres,Kevin Towers,69896141,0.543,2006,0.96741674
San Francisco Giants,Brian Sabean,90056419,0.472,2006,1.246450606
Seattle Mariners,Bill Bavasi,87959833,0.481,2006,1.217432232
St. Louis Cardinals,Walt Jocketty,88891371,0.516,2006,1.230325439
Tampa Bay Rays,Andrew Friedman,35417967,0.377,2006,0.490212102
Texas Rangers,Jon Daniels,68228662,0.494,2006,0.944337539
Toronto Blue Jays,J.P. Ricciardi,71915000,0.537,2006,0.995359313
Washington Nationals,Jim Bowden,63143000,0.438,2006,0.873948037
Arizona DBacks,Josh Byrnes,52067546,0.556,2007,0.615333313
Atlanta Braves,John Schuerholz,87290833,0.519,2007,1.031601478
Baltimore Orioles,Mike Flanagan and Andy MacPhail,93554808,0.426,2007,1.105629021
Boston Red Sox,Theo Epstein,143026214,0.593,2007,1.690281198
Chicago Cubs,Jim Hendry,99670332,0.525,2007,1.177902173
Chicago White Sox,Ken Williams,108671833,0.444,2007,1.284281748
Cincinnati Reds,Wayne Krivsky,68904980,0.444,2007,0.814317802
Cleveland Indians,Mark Shapiro,61673267,0.593,2007,0.728853549
Colorado Rockies,Dan O'Dowd,54424000,0.552,2007,0.643181843
Detroit Tigers,Dave Dombrowski,95180369,0.543,2007,1.124839872
Houston Astros,Tim Purpura/Ed Wade,87759000,0.451,2007,1.037134268
KC Royals,Dayton Moore,67116500,0.426,2007,0.793181578
LA Angels,Bill Stoneman/Tony Reagins,109251333,0.58,2007,1.291130268
LA Dodgers,Ned Colletti,108454524,0.506,2007,1.281713594
Miami Marlins,Larry Beinfest,30507000,0.438,2007,0.360531172
Milwaukee Brewers,Douglas Melvin,70986500,0.512,2007,0.838917167
Minnesota Twins,Terry Ryan,71439500,0.488,2007,0.844270713
NY Mets,Omar Minaya,115231663,0.543,2007,1.3618057
NY Yankees,Brian Cashman,189639045,0.58,2007,2.241150788
Oakland Athletics,Billy Beane,79366940,0.469,2007,0.937957055
Philadelphia Phillies,Pat Gillick,89428213,0.549,2007,1.056860996
Pittsburgh Pirates,David Littlefield,38537833,0.42,2007,0.45543941
San Diego Padres,Kevin Towers,58110567,0.546,2007,0.686749625
San Francisco Giants,Brian Sabean,90219056,0.438,2007,1.066207165
Seattle Mariners,Bill Bavasi,106460833,0.543,2007,1.25815219
St. Louis Cardinals,Walt Jocketty,90286823,0.481,2007,1.067008034
Tampa Bay Rays,Andrew Friedman,24123500,0.407,2007,0.285091085
Texas Rangers,Jon Daniels,68318675,0.463,2007,0.80738886
Toronto Blue Jays,J.P. Ricciardi,81942800,0.512,2007,0.968398522
Washington Nationals,Jim Bowden,37347500,0.451,2007,0.441372076
Arizona DBacks,Josh Byrnes,66202712,0.506,2008,0.828012258
Atlanta Braves,Frank Wren,102365683,0.444,2008,1.280310697
Baltimore Orioles,Andy MacPhail,67196246,0.422,2008,0.840438612
Boston Red Sox,Theo Epstein,133390035,0.586,2008,1.668339268
Chicago Cubs,Jim Hendry,118345833,0.602,2008,1.480178039
Chicago White Sox,Ken Williams,121189332,0.546,2008,1.515742323
Cincinnati Reds,Wayne Krivsky,74117695,0.457,2008,0.927006737
Cleveland Indians,Mark Shapiro,78970066,0.5,2008,0.987696436
Colorado Rockies,Dan O'Dowd,68655500,0.457,2008,0.858689831
Detroit Tigers,Dave Dombrowski,137685196,0.457,2008,1.722059816
Houston Astros,Ed Wade,88930414,0.534,2008,1.112272756
KC Royals,Dayton Moore,58245500,0.463,2008,0.728489612
LA Angels,Tony Reagins,119216333,0.617,2008,1.491065579
LA Dodgers,Ned Colletti,118588536,0.519,2008,1.48321358
Miami Marlins,Mike Hill,21811500,0.522,2008,0.272801352
Milwaukee Brewers,Douglas Melvin,80937499,0.556,2008,1.012303564
Minnesota Twins,Bill Smith,56932766,0.54,2008,0.712070952
NY Mets,Omar Minaya,137793376,0.549,2008,1.723412848
NY Yankees,Brian Cashman,209081577,0.549,2008,2.615030465
Oakland Athletics,Billy Beane,47967126,0.466,2008,0.599935669
Philadelphia Phillies,Pat Gillick,98269880,0.568,2008,1.229083565
Pittsburgh Pirates,Neal Huntington,48689783,0.414,2008,0.608974103
San Diego Padres,Kevin Towers,73677616,0.389,2008,0.921502569
San Francisco Giants,Brian Sabean,76594500,0.444,2008,0.957984696
Seattle Mariners,Bill Bavasi,117666482,0.377,2008,1.471681243
St. Louis Cardinals,John Mozeliak,99624449,0.531,2008,1.246025465
Tampa Bay Rays,Andrew Friedman,43820597,0.599,2008,0.548074095
Texas Rangers,Jon Daniels,67712326,0.488,2008,0.846893341
Toronto Blue Jays,J.P. Ricciardi,97793900,0.531,2008,1.223130375
Washington Nationals,Jim Bowden,54961000,0.366,2008,0.687409629
Arizona DBacks,Josh Byrnes,73571667,0.432,2009,0.904833576
Atlanta Braves,Frank Wren,96726167,0.531,2009,1.189603106
Baltimore Orioles,Andy MacPhail,67101667,0.395,2009,0.825261188
Boston Red Sox,Theo Epstein,122696000,0.586,2009,1.508997485
Chicago Cubs,Jim Hendry,135050000,0.516,2009,1.660935241
Chicago White Sox,Ken Williams,96068500,0.488,2009,1.181514678
Cincinnati Reds,Walt Jocketty,70968500,0.481,2009,0.872818087
Cleveland Indians,Mark Shapiro,81625567,0.401,2009,1.003885826
Colorado Rockies,Dan O'Dowd,75201000,0.568,2009,0.924872203
Detroit Tigers,Dave Dombrowski,115085145,0.528,2009,1.415394099
Houston Astros,Ed Wade,102996415,0.457,2009,1.266718811
KC Royals,Dayton Moore,70908333,0.401,2009,0.872078113
LA Angels,Tony Reagins,113709000,0.599,2009,1.398469347
LA Dodgers,Ned Colletti,100458101,0.586,2009,1.235500927
Miami Marlins,Mike Hill,36814000,0.537,2009,0.452763199
Milwaukee Brewers,Douglas Melvin,80257502,0.494,2009,0.987060447
Minnesota Twins,Bill Smith,65299267,0.534,2009,0.803094067
NY Mets,Omar Minaya,135773988,0.432,2009,1.66983933
NY Yankees,Brian Cashman,201449289,0.636,2009,2.477558115
Oakland Athletics,Billy Beane,62310000,0.463,2009,0.766330062
Philadelphia Phillies,Ruben Amaro Jr.,113004048,0.574,2009,1.389799376
Pittsburgh Pirates,Neal Huntington,48743000,0.385,2009,0.59947402
San Diego Padres,Kevin Towers,42796700,0.463,2009,0.526342445
San Francisco Giants,Brian Sabean,82161450,0.543,2009,1.010476474
Seattle Mariners,Jack Zduriencik,98904167,0.525,2009,1.216389607
St. Louis Cardinals,John Mozeliak,88528411,0.562,2009,1.088781619
Tampa Bay Rays,Andrew Friedman,63313035,0.519,2009,0.778666057
Texas Rangers,Jon Daniels,68646023,0.537,2009,0.844254711
Toronto Blue Jays,J.P. Ricciardi,80993657,0.463,2009,0.996114174
Washington Nationals,Mike Rizzo,59328000,0.364,2009,0.729655431
Arizona DBacks,Josh Byrnes,60718167,0.401,2010,0.720046568
Atlanta Braves,Frank Wren,84423667,0.562,2010,1.00116612
Baltimore Orioles,Andy MacPhail,81612500,0.407,2010,0.967828962
Boston Red Sox,Theo Epstein,162747333,0.549,2010,1.929993351
Chicago Cubs,Jim Hendry,146859000,0.463,2010,1.741576273
Chicago White Sox,Ken Williams,108273197,0.543,2010,1.2839937
Cincinnati Reds,Walt Jocketty,72386544,0.562,2010,0.858419896
Cleveland Indians,Mark Shapiro,61203967,0.426,2010,0.725807589
Colorado Rockies,Dan O'Dowd,84227000,0.512,2010,0.99883388
Detroit Tigers,Dave Dombrowski,122864929,0.5,2010,1.457034605
Houston Astros,Ed Wade,92355500,0.469,2010,1.095228399
KC Royals,Dayton Moore,72267710,0.414,2010,0.857010663
LA Angels,Tony Reagins,105013667,0.494,2010,1.24533948
LA Dodgers,Ned Colletti,94945517,0.494,2010,1.125942977
Miami Marlins,Mike Hill,55641500,0.494,2010,0.659843225
Milwaukee Brewers,Douglas Melvin,81108279,0.475,2010,0.96184949
Minnesota Twins,Bill Smith,97559167,0.58,2010,1.156937814
NY Mets,Omar Minaya,132701445,0.488,2010,1.5736842
NY Yankees,Brian Cashman,206333389,0.586,2010,2.446873086
Oakland Athletics,Billy Beane,51654900,0.5,2010,0.612566804
Philadelphia Phillies,Ruben Amaro Jr.,141927381,0.599,2010,1.683093029
Pittsburgh Pirates,Neal Huntington,34943000,0.352,2010,0.414383182
San Diego Padres,Jed Hoyer,37799300,0.556,2010,0.448255565
San Francisco Giants,Brian Sabean,97828833,0.568,2010,1.160135738
Seattle Mariners,Jack Zduriencik,98376667,0.377,2010,1.166632409
St. Louis Cardinals,John Mozeliak,93540753,0.531,2010,1.109284116
Tampa Bay Rays,Andrew Friedman,71923471,0.593,2010,0.852928391
Texas Rangers,Jon Daniels,55250545,0.556,2010,0.655206955
Toronto Blue Jays,Alex Anthopoulos,62689357,0.525,2010,0.74342258
Washington Nationals,Mike Rizzo,61425000,0.426,2010,0.728428782
Arizona DBacks,Kevin Towers,53639833,0.58,2011,0.61858405
Atlanta Braves,Frank Wren,87003192,0.549,2011,1.003336213
Baltimore Orioles,Andy MacPhail,85304038,0.426,2011,0.983741268
Boston Red Sox,Theo Epstein,161407476,0.556,2011,1.861379588
Chicago Cubs,Jim Hendry,125480664,0.438,2011,1.447065232
Chicago White Sox,Ken Williams,129285539,0.488,2011,1.490943724
Cincinnati Reds,Walt Jocketty,76181365,0.488,2011,0.878536988
Cleveland Indians,Chris Antonetti,49188867,0.494,2011,0.567254722
Colorado Rockies,Dan O'Dowd,87998071,0.451,2011,1.014809333
Detroit Tigers,Dave Dombrowski,105705232,0.586,2011,1.219011449
Houston Astros,Ed Wade,70694000,0.346,2011,0.815255723
KC Royals,Dayton Moore,36126400,0.438,2011,0.41661604
LA Angels,Tony Reagins,138998524,0.531,2011,1.602955586
LA Dodgers,Ned Colletti,103788990,0.509,2011,1.196913007
Miami Marlins,Mike Hill,56944000,0.444,2011,0.656688289
Milwaukee Brewers,Douglas Melvin,85497333,0.593,2011,0.98597038
Minnesota Twins,Bill Smith,112737000,0.389,2011,1.300103042
NY Mets,Sandy Alderson,120147310,0.475,2011,1.385560049
NY Yankees,Brian Cashman,201689030,0.599,2011,2.3259136
Oakland Athletics,Billy Beane,66536500,0.457,2011,0.767310697
Philadelphia Phillies,Ruben Amaro Jr.,172976381,0.63,2011,1.994794248
Pittsburgh Pirates,Neal Huntington,46047000,0.444,2011,0.531022156
San Diego Padres,Jed Hoyer,45869140,0.438,2011,0.528971043
San Francisco Giants,Brian Sabean,118216333,0.531,2011,1.36329168
Seattle Mariners,Jack Zduriencik,86424600,0.414,2011,0.996663787
St. Louis Cardinals,John Mozeliak,105433572,0.556,2011,1.215878618
Tampa Bay Rays,Andrew Friedman,41932171,0.562,2011,0.483569219
Texas Rangers,Jon Daniels,92299265,0.593,2011,1.064411464
Toronto Blue Jays,Alex Anthopoulos,62517800,0.5,2011,0.720966337
Washington Nationals,Mike Rizzo,63681929,0.497,2011,0.734391279
Arizona DBacks,Kevin Towers,74284833,0.5,2012,0.866260197
Atlanta Braves,Frank Wren,83309942,0.58,2012,0.971505001
Baltimore Orioles,Dan Duquette,81428999,0.574,2012,0.949570698
Boston Red Sox,Ben Cherington,173186617,0.426,2012,2.019586865
Chicago Cubs,Jed Hoyer,88197033,0.377,2012,1.028494999
Chicago White Sox,Ken Williams,96919500,0.525,2012,1.130210593
Cincinnati Reds,Walt Jocketty,82203616,0.599,2012,0.958603765
Cleveland Indians,Chris Antonetti,78430300,0.42,2012,0.91460187
Colorado Rockies,Dan O'Dowd,78069571,0.395,2012,0.910395289
Detroit Tigers,Dave Dombrowski,132300000,0.543,2012,1.542794397
Houston Astros,Jeff Luhnow,60651000,0.34,2012,0.707271526
KC Royals,Dayton Moore,60916225,0.444,2012,0.710364404
LA Angels,Jerry Dipoto,154485166,0.549,2012,1.801503012
LA Dodgers,Ned Colletti,95143575,0.531,2012,1.10950094
Miami Marlins,Mike Hill,118078000,0.426,2012,1.376946914
Milwaukee Brewers,Douglas Melvin,97653944,0.512,2012,1.13877519
Minnesota Twins,Terry Ryan,94085000,0.407,2012,1.097156544
NY Mets,Sandy Alderson,93353983,0.457,2012,1.088631911
NY Yankees,Brian Cashman,197962289,0.586,2012,2.308504234
Oakland Athletics,Billy Beane,55372500,0.58,2012,0.645717179
Philadelphia Phillies,Ruben Amaro Jr.,174538938,0.5,2012,2.035356731
Pittsburgh Pirates,Neal Huntington,63431999,0.488,2012,0.739701683
San Diego Padres,Josh Byrnes,55244700,0.469,2012,0.64422686
San Francisco Giants,Brian Sabean,117620683,0.58,2012,1.371613988
Seattle Mariners,Jack Zduriencik,81978100,0.463,2012,0.955973948
St. Louis Cardinals,John Mozeliak,110300862,0.543,2012,1.286255116
Tampa Bay Rays,Andrew Friedman,64173500,0.556,2012,0.748348573
Texas Rangers,Jon Daniels,120510974,0.574,2012,1.405318635
Toronto Blue Jays,Alex Anthopoulos,75489200,0.451,2012,0.880304722
Washington Nationals,Mike Rizzo,81336143,0.605,2012,0.948487873
Arizona DBacks,Kevin Towers,89100500,0.5,2013,0.985780255
Atlanta Braves,Frank Wren,89778192,0.593,2013,0.993278029
Baltimore Orioles,Dan Duquette,90993333,0.525,2013,1.006721971
Boston Red Sox,Ben Cherington,150655500,0.599,2013,1.666805654
Chicago Cubs,Jed Hoyer,104304676,0.407,2013,1.153994535
Chicago White Sox,Rick Hahn,119073277,0.389,2013,1.317389749
Cincinnati Reds,Walt Jocketty,107491305,0.556,2013,1.189250409
Cleveland Indians,Chris Antonetti,77772800,0.568,2013,0.860454101
Colorado Rockies,Dan O'Dowd,71924071,0.457,2013,0.79574558
Detroit Tigers,Dave Dombrowski,148414500,0.574,2013,1.642011926
Houston Astros,Jeff Luhnow,22062600,0.315,2013,0.244093753
KC Royals,Dayton Moore,81491725,0.531,2013,0.901599132
LA Angels,Jerry Dipoto,127896250,0.481,2013,1.415004382
LA Dodgers,Ned Colletti,216597577,0.568,2013,2.396368311
Miami Marlins,Mike Hill,36341900,0.383,2013,0.402075493
Milwaukee Brewers,Douglas Melvin,82976944,0.457,2013,0.918031133
Minnesota Twins,Terry Ryan,75802500,0.407,2013,0.838655314
NY Mets,Sandy Alderson,73396649,0.457,2013,0.812037726
NY Yankees,Brian Cashman,228835490,0.525,2013,2.531764779
Oakland Athletics,Billy Beane,60664500,0.593,2013,0.671173184
Philadelphia Phillies,Ruben Amaro Jr.,165385714,0.451,2013,1.829776166
Pittsburgh Pirates,Neal Huntington,79555000,0.58,2013,0.880171808
San Diego Padres,Josh Byrnes,67143600,0.469,2013,0.742855934
San Francisco Giants,Brian Sabean,140264334,0.469,2013,1.551841021
Seattle Mariners,Jack Zduriencik,72031143,0.438,2013,0.796930191
St. Louis Cardinals,John Mozeliak,115222086,0.599,2013,1.274781368
Tampa Bay Rays,Andrew Friedman,57895272,0.564,2013,0.640535306
Texas Rangers,Jon Daniels,114090100,0.558,2013,1.262257427
Toronto Blue Jays,Alex Anthopoulos,117527800,0.457,2013,1.300291072
Washington Nationals,Mike Rizzo,114056769,0.531,2013,1.261888663
Arizona DBacks,Kevin Towers/Dave Stewart,112688666,0.395,2014,1.066867728
Atlanta Braves,Frank Wren/John Hart,110897341,0.488,2014,1.049908552
Baltimore Orioles,Dan Duquette,107406623,0.593,2014,1.016860558
Boston Red Sox,Ben Cherington,162817411,0.438,2014,1.541456186
Chicago Cubs,Jed Hoyer,89007857,0.451,2014,0.842672236
Chicago White Sox,Rick Hahn,91159254,0.451,2014,0.863040354
Cincinnati Reds,Walt Jocketty,112390772,0.469,2014,1.064047448
Cleveland Indians,Chris Antonetti,82534800,0.525,2014,0.781389271
Colorado Rockies,Dan OÍDowd/Jeff Bridich,95832071,0.407,2014,0.907279742
Detroit Tigers,Dave Dombrowski,162228527,0.556,2014,1.53588099
Houston Astros,Jeff Luhnow,44544174,0.432,2014,0.421717138
KC Royals,Dayton Moore,92034345,0.549,2014,0.871325183
LA Angels,Jerry Dipoto,155692000,0.605,2014,1.47399713
LA Dodgers,Ned Colletti,235295219,0.58,2014,2.227631975
Miami Marlins,Dan Jennings,47565400,0.475,2014,0.450320267
Milwaukee Brewers,Douglas Melvin,103844806,0.506,2014,0.983139442
Minnesota Twins,Terry Ryan,85776500,0.432,2014,0.812079714
NY Mets,Sandy Alderson,89051758,0.488,2014,0.843087864
NY Yankees,Brian Cashman,203812506,0.519,2014,1.929572803
Oakland Athletics,Billy Beane,83401400,0.543,2014,0.789593712
Philadelphia Phillies,Ruben Amaro Jr.,180052723,0.451,2014,1.704629634
Pittsburgh Pirates,Neal Huntington,78111667,0.543,2014,0.739513738
San Diego Padres,Josh Byrnes/Omar Minaya/A.J. Preller,90094196,0.475,2014,0.852957033
San Francisco Giants,Brian Sabean,154185878,0.543,2014,1.459738083
Seattle Mariners,Jack Zduriencik,92081943,0.537,2014,0.871775812
St. Louis Cardinals,John Mozeliak,111020360,0.556,2014,1.051073221
Tampa Bay Rays,Andrew Friedman,77062891,0.475,2014,0.729584565
Texas Rangers,Jon Daniels,136036172,0.414,2014,1.287907709
Toronto Blue Jays,Alex Anthopoulos,132628700,0.512,2014,1.255647838
Washington Nationals,Mike Rizzo,134704437,0.593,2014,1.275299653
Arizona DBacks,Dave Stewart,76639242,0.488,2015,0.625864672
Atlanta Braves,John Hart,111081246,0.414,2015,0.907130939
Baltimore Orioles,Dan Duquette,118284476,0.5,2015,0.965955206
Boston Red Sox,Ben Cherington,214789749,0.481,2015,1.754053306
Chicago Cubs,Jed Hoyer,134193810,0.599,2015,1.095876769
Chicago White Sox,Rick Hahn,118875487,0.469,2015,0.970781622
Cincinnati Reds,Walt Jocketty,114040612,0.395,2015,0.931298227
Cleveland Indians,Chris Antonetti,77404413,0.503,2015,0.632113344
Colorado Rockies,Jeff Bridich,106860781,0.42,2015,0.872665046
Detroit Tigers,Dave Dombrowski,162218297,0.46,2015,1.324735196
Houston Astros,Jeff Luhnow,81450835,0.531,2015,0.665157937
KC Royals,Dayton Moore,126560340,0.586,2015,1.033539002
LA Angels,Jerry Dipoto,151348162,0.525,2015,1.235965614
LA Dodgers,Ned Colletti,301735080,0.568,2015,2.46408135
Miami Marlins,Dan Jennings,63590525,0.438,2015,0.519303976
Milwaukee Brewers,Douglas Melvin,94010873,0.42,2015,0.767727898
Minnesota Twins,Terry Ryan,106431818,0.512,2015,0.869161974
NY Mets,Sandy Alderson,115641550,0.556,2015,0.944372085
NY Yankees,Brian Cashman,221256867,0.537,2015,1.806866207
Oakland Athletics,Billy Beane,80376830,0.42,2015,0.656387211
Philadelphia Phillies,Ruben Amaro Jr.,141722639,0.389,2015,1.157359998
Pittsburgh Pirates,Neal Huntington,99435606,0.605,2015,0.812028294
San Diego Padres,A.J. Preller,127463770,0.457,2015,1.040916749
San Francisco Giants,Brian Sabean,187088630,0.519,2015,1.527835623
Seattle Mariners,Jack Zduriencik,126031265,0.469,2015,1.029218378
St. Louis Cardinals,John Mozeliak,132178951,0.617,2015,1.079422678
Tampa Bay Rays,Andrew Friedman,73582652,0.494,2015,0.600903416
Texas Rangers,Jon Daniels,152445607,0.543,2015,1.244927759
Toronto Blue Jays,Alex Anthopoulos,138309664,0.574,2015,1.12948837
Washington Nationals,Mike Rizzo,165655095,0.512,2015,1.352801372
